Table,Column,Type,Nullable,Key,Default,References,On Delete,Personal Data,Description,Why
users,id,uuid,No,PK,gen_random_uuid(),,,No,"Surrogate key referenced by every audit column.","AC-US-00-007-5: every decision names who made it, which needs a stable user id."
users,username,text,No,UK,,,,Yes,"Sign-in name, unique ignoring case.","AC-US-00-011-1: a seeded staff account signs in by name."
users,display_name,text,No,,,,,Yes,"Name shown in the decision log.","AC-US-00-007-5: the log shows who decided."
users,role,user_role,No,,,,,No,"staff or verifier, the only two roles in the product.","AC-US-00-011-3: a verifier is refused a staff-only action, so the role is stored."
users,password_hash,text,No,,,,,No,"Argon2id hash of the password, never the password.","AC-US-00-011-1: sign-in checks a password, and a leak must not reveal it."
users,is_active,boolean,No,,true,,,No,"False blocks sign-in and revokes sessions without deleting audit history.","Rule: users are deactivated, never deleted, because decisions reference them (AC-US-00-007-5)."
users,session_version,integer,No,,1,,,No,"Incremented to end every session of this user at once.","Rule: logout everywhere is one increment (auth skill)."
users,last_login_at,timestamptz,Yes,,,,,No,"Last successful sign-in.","AC-US-00-011-1: sign-in is recorded for the account."
users,created_at,timestamptz,No,,now(),,,No,"When the account was seeded.","Rule: every table carries timestamptz audit columns (database postgres reference)."
users,updated_at,timestamptz,No,,now(),,,No,"Last change to this row.","Rule: every table carries timestamptz audit columns (database postgres reference)."
sessions,id,uuid,No,PK,gen_random_uuid(),,,No,"Surrogate key.","AC-US-00-011-1: a sign-in creates a session."
sessions,user_id,uuid,No,FK,,users.id,CASCADE,No,"The user this session belongs to.","AC-US-00-011-2: the session carries the verifier role. CASCADE because a session means nothing without its user."
sessions,token_hash,bytea,No,UK,,,,No,"SHA-256 of the random cookie token, so a database leak yields no usable cookie.","Rule: store a hash, never the token (auth skill)."
sessions,session_version,integer,No,,,,,No,"The user session_version when the session was created.","Rule: a session is valid only while it matches users.session_version."
sessions,created_at,timestamptz,No,,now(),,,No,"When the user signed in.","Rule: absolute session lifetime is measured from sign-in."
sessions,last_seen_at,timestamptz,No,,now(),,,No,"Last authenticated request, for the idle timeout.","Rule: idle timeout (auth skill)."
sessions,expires_at,timestamptz,No,,,,,No,"Absolute end of the session.","Rule: every session ends (auth skill)."
sessions,revoked_at,timestamptz,Yes,,,,,No,"Set on sign-out, null while the session is usable.","AC-US-00-011-1: sign-out must end the session on the server."
idempotency_keys,user_id,uuid,No,PK,,users.id,CASCADE,No,"The caller, so a key is scoped to its user.","Rule: a creating request repeated by a double tap or a network retry makes no second row (api/openapi.yaml Idempotency-Key)."
idempotency_keys,key,uuid,No,PK,,,,No,"The UUID the client made once per logical operation.","Rule: the same key and body replays the first result for 24 hours (api/openapi.yaml)."
idempotency_keys,operation,text,No,,,,,No,"Which creating route the key was used on.","Rule: AC-US-00-001-1, AC-US-00-002-1 and AC-US-00-007-1 are the three creating routes, so a key cannot be replayed on another."
idempotency_keys,request_hash,bytea,No,,,,,No,"SHA-256 of the request body, or of the file bytes for an upload.","Rule: a reused key with a different body is refused with 409, which needs the first body's hash."
idempotency_keys,response_status,smallint,Yes,,,,,No,"Status of the first response, null while it still runs.","Rule: a replay returns the first status, and null tells a concurrent retry the first request is not finished."
idempotency_keys,resource_id,uuid,Yes,,,,,No,"Id of the import, document or decision the first request created.","Rule: a replay re-reads the created resource, so no response body and no personal data is stored."
idempotency_keys,created_at,timestamptz,No,,now(),,,No,"When the first request arrived.","Rule: keys expire after 24 hours, which needs the creation time."
export_audit,id,bigint,No,PK,identity,,,No,"Surrogate key.","AC-US-00-009-1: every export is one row, so the log has a stable id."
export_audit,exported_by,uuid,No,FK,,users.id,RESTRICT,No,"The staff member who downloaded the file.","Rule: threat T-23, one request can dump every verified applicant, so who exported is recorded."
export_audit,row_count,integer,No,,,,,No,"Number of Verified applications in the file.","AC-US-00-009-2: an empty export is a header-only file, recorded as zero rows."
export_audit,created_at,timestamptz,No,,now(),,,No,"When the export ran.","Rule: threat T-23, when an export happened is part of the audit entry."
imports,id,uuid,No,PK,gen_random_uuid(),,,No,"Surrogate key.","AC-US-00-001-1: an import is one run."
imports,uploaded_by,uuid,No,FK,,users.id,RESTRICT,No,"The staff member who ran the import.","Rule: audit who imported; RESTRICT so a user with history cannot be deleted."
imports,source_name,text,No,,,,,No,"File name as uploaded.","AC-US-00-001-2: the user sees which file a reason refers to."
imports,rows_read,integer,No,,,,,No,"Data rows in the file, header excluded.","AC-US-00-001-3: valid and malformed rows are both reported, so the total is kept."
imports,rows_created,integer,No,,,,,No,"Rows that became applications.","AC-US-00-001-3: the valid rows are created and counted."
imports,rows_rejected,integer,No,,,,,No,"Rows refused, each listed in import_row_errors.","AC-US-00-001-3: the malformed rows are listed with reasons."
imports,created_at,timestamptz,No,,now(),,,No,"When the import ran.","Rule: every table carries timestamptz audit columns (database postgres reference)."
import_row_errors,id,bigint,No,PK,GENERATED ALWAYS AS IDENTITY,,,No,"Surrogate key.","Rule: bigint identity for a small child table."
import_row_errors,import_id,uuid,No,FK,,imports.id,CASCADE,No,"The import this error belongs to.","AC-US-00-001-3: errors are shown with their import. CASCADE so they go with it."
import_row_errors,row_number,integer,No,,,,,No,"Line number in the file, counting the header as line 1.","AC-US-00-001-2: a refused row is shown by its row number."
import_row_errors,column_name,text,Yes,,,,,No,"The column at fault, null when the whole row is.","AC-US-00-001-2: the reason names the column."
import_row_errors,reason_code,text,No,,,,,No,"Closed set of reasons, including out_of_range and malformed_row for what the database refuses. The offending value is not stored so no personal data enters this table.","AC-US-00-001-2: a reason is shown, and storing a code avoids copying a minor's data."
applications,id,uuid,No,PK,gen_random_uuid(),,,No,"Surrogate key used in URLs.","AC-US-00-006-2: an application is opened by id."
applications,import_id,uuid,Yes,FK,,imports.id,SET NULL,No,"The import that created this record, null if the import log is purged.","AC-US-00-001-1: records trace to their import. SET NULL so purging the log keeps applicants."
applications,application_ref,text,No,UK,,,,Yes,"The application id from the CSV, unique.","AC-US-00-001-2: a duplicate application id is refused, and the export is keyed by it (AC-US-00-009-1)."
applications,full_name,text,No,,,,,Yes,"Applicant name as supplied.","AC-US-00-004-1: names are compared with the document."
applications,father_name,text,No,,,,,Yes,"Father name as supplied.","AC-US-00-004-1: father name is compared on marksheets and transfer certificates."
applications,date_of_birth,date,No,,,,,Yes,"Date of birth, a minor in most records.","AC-US-00-004-2: dates are compared exactly."
applications,board,text,No,,,,,No,"Examination board name.","AC-US-00-001-1: board is one of the eight import columns."
applications,roll_number,text,No,,,,,Yes,"Roll number on the marksheet.","AC-US-00-004-3: roll numbers are compared exactly."
applications,marks,jsonb,No,,,,,Yes,"Marks by subject as a JSON object of subject to integer.","AC-US-00-004-4: marks are compared per subject, and the subject set varies by board."
applications,category,text,No,,,,,Yes,"Admission category, a community attribute.","AC-US-00-001-1: category is one of the eight import columns."
applications,status,application_status,No,,'missing_documents',,,No,"verified, needs_review or missing_documents, exactly one at all times.","AC-US-00-005-5: an application is always exactly one of the three. Stored because the dashboard and export read it (AC-US-00-008-1)."
applications,rejected_at,timestamptz,Yes,,,,,No,"Set when a verifier rejects. The application stays needs_review but leaves the queue.","AC-US-00-007-4: a rejected application leaves the flagged queue (Q-006)."
applications,erased_at,timestamptz,Yes,,,,,No,"Set when the personal columns were replaced by placeholders after an erasure request. The row stays so the decision log keeps its parent.","Rule: erase in place when a table must be kept (privacy-review): decisions reference the application (AC-US-00-007-5)."
applications,created_at,timestamptz,No,,now(),,,No,"When the record was imported.","Rule: every table carries timestamptz audit columns (database postgres reference)."
applications,updated_at,timestamptz,No,,now(),,,No,"Last status or data change, orders the review queue.","AC-US-00-006-1: the queue lists flagged applications in a stable order."
documents,id,uuid,No,PK,gen_random_uuid(),,,No,"Surrogate key used in URLs.","AC-US-00-006-2: a document is opened by id."
documents,application_id,uuid,No,FK,,applications.id,CASCADE,No,"The application this document belongs to. Documents go with their application.","AC-US-00-002-1: a document is stored against an application. CASCADE because documents are the applicant's personal data."
documents,uploaded_by,uuid,No,FK,,users.id,RESTRICT,No,"The staff member who uploaded it.","Rule: audit who uploaded; RESTRICT so a user with history cannot be deleted."
documents,source_content_type,text,No,,,,,No,"image/jpeg, image/png or application/pdf, the only accepted formats.","AC-US-00-002-2: other formats are refused, so the accepted set is closed."
documents,detected_type,document_type,Yes,,,,,No,"Document type found by the engine, null until processed, unknown if not recognised.","AC-US-00-003-2: a type is stored and an unknown type sends the application to Needs review."
documents,status,document_status,No,,'uploaded',,,No,"uploaded, processing, read or failed.","AC-US-00-003-1: each document is processed once, so its state is tracked."
documents,failure_reason,text,Yes,,,,,No,"A short reason code when processing failed, never document content.","AC-US-02-001-4: a refused or failed call sends the document to Needs review with a reason."
documents,is_current,boolean,No,,true,,,No,"False once a newer document of the same type replaced it. The older one is kept.","AC-US-00-002-4: a re-upload is used for matching and the older one is kept (Q-010)."
documents,sha256,text,No,,,,,No,"SHA-256 of the uploaded bytes, hex, to spot a repeated upload.","AC-US-00-002-4: a repeated upload can be recognised without comparing images."
documents,size_bytes,integer,No,,,,,No,"Size of the uploaded file in bytes, at most 8 MiB.","AC-US-00-002-2: files over the limit are refused before they reach the database."
documents,created_at,timestamptz,No,,now(),,,No,"When the file was uploaded.","AC-US-00-002-4: newer means later upload time."
documents,updated_at,timestamptz,No,,now(),,,No,"Last status change.","Rule: every table carries timestamptz audit columns (database postgres reference)."
document_blobs,document_id,uuid,No,PK,,documents.id,CASCADE,No,"The document these bytes belong to, one-to-one.","AC-US-00-006-2: the review screen shows the document image."
document_blobs,content_type,text,No,,,,,No,"image/png or image/jpeg. A PDF is stored as its first page rasterised to JPEG at no more than 200 dpi so it stays under the size cap. The original PDF is not kept.","AC-US-00-002-3: only the first page of a PDF is rasterised and kept."
document_blobs,content,bytea,No,,,,,Yes,"The image bytes.","AC-US-00-006-2: the image is shown beside the application values. Kept in Postgres behind a storage interface (ADR-0007)."
extracted_fields,id,bigint,No,PK,GENERATED ALWAYS AS IDENTITY,,,No,"Surrogate key.","Rule: bigint identity for a small child table."
extracted_fields,document_id,uuid,No,FK,,documents.id,CASCADE,No,"The document the value was read from.","AC-US-00-003-3: fields are held per document. CASCADE because they are derived from it."
extracted_fields,field_name,field_name,No,,,,,No,"Which field: name, father_name, dob, board, roll_number, marks or document_number.","AC-US-00-004-1 to AC-US-00-004-4: each field type has its own rule."
extracted_fields,subject,text,Yes,,,,,No,"The subject for a marks row, null for every other field.","AC-US-00-004-4: a mismatch names the subject, so marks are one row per subject."
extracted_fields,value,text,No,,'',,,Yes,"The current value, after any verifier correction. The value the engine read is kept in the decisions row of the correction.","AC-US-00-003-3: the extracted value is stored as read; AC-US-00-007-2: a correction changes it and logs old and new."
extracted_fields,confidence,real,Yes,,,,,No,"Engine confidence for the lines the value came from, 0 to 1, null when not available.","AC-US-00-003-4: a field below the cutoff goes to Needs review (ADR-0005)."
extracted_fields,box,jsonb,Yes,,,,,No,"Where the value sits on the page, for the side-by-side view and field crops.","AC-US-00-010-1: a crop of the field is shown beside its value."
extracted_fields,match_result,match_result,Yes,,,,,No,"match, mismatch or skipped against the application value, null until compared.","AC-US-00-004-5: a field the document type does not carry is skipped, not a mismatch."
extracted_fields,needs_review,boolean,No,,false,,,No,"True when the field sends the application to Needs review.","AC-US-00-005-2: a mismatch or low-confidence field flags the application."
extracted_fields,review_reason,text,Yes,,,,,No,"low_confidence, format_invalid, mismatch or not_extracted, set exactly when needs_review is true.","AC-US-00-006-3: the fields that failed are marked, with the reason (ADR-0005)."
extracted_fields,created_at,timestamptz,No,,now(),,,No,"When the field was read.","Rule: every table carries timestamptz audit columns (database postgres reference)."
extracted_fields,updated_at,timestamptz,No,,now(),,,No,"Last correction or comparison.","AC-US-00-007-2: a correction re-runs the comparison and updates the row."
gateway_calls,id,bigint,No,PK,GENERATED ALWAYS AS IDENTITY,,,No,"Surrogate key.","Rule: bigint identity for an append-only log."
gateway_calls,document_id,uuid,Yes,FK,,documents.id,SET NULL,No,"The document read, null if the document was deleted. The call stays counted.","AC-US-02-001-4: the call cap counts every call, so a deleted document must not reduce it."
gateway_calls,engine,text,No,,,,,No,"Engine name, for example rapidocr.","AC-US-02-001-3: each call logs its engine."
gateway_calls,engine_version,text,No,,,,,No,"Engine and model version, so a result can be traced to what produced it.","AC-US-02-001-3: the log is how an engine swap is audited."
gateway_calls,preprocess,boolean,No,,,,,No,"Whether the OpenCV preprocessing ran first.","ADR-0001: preprocessing is part of the chosen engine, so the log records it."
gateway_calls,image_max_side,integer,Yes,,,,,No,"Longest image side in pixels after the cap, null if none.","ADR-0001: the 640 px cap changes memory, so it is logged."
gateway_calls,duration_ms,integer,No,,,,,No,"Wall time of the call in milliseconds.","AC-US-02-001-3: latency is logged per call."
gateway_calls,outcome,call_outcome,No,,,,,No,"pending while the engine runs, then ok or error, or refused when the call cap was reached. The pending row is committed before the call so the call is logged even if the process dies.","AC-US-02-001-3 and AC-US-02-001-4: every call is logged, including one that never returned, and a refused call is recorded."
gateway_calls,units,integer,Yes,,,,,No,"Text lines returned, the unit count the gateway logs.","AC-US-02-001-3: unit counts are logged."
gateway_calls,cost,"numeric(10,4)",No,,0,,,No,"Always zero: no paid engine is allowed.","AC-US-02-001-3: cost is logged as 0 (CONSTRAINTS.md section 1)."
gateway_calls,error_class,text,Yes,,,,,No,"Exception class name on failure, never a message that could hold document text.","AC-US-02-001-3: the outcome is logged without personal data (AC-US-00-004 privacy case TC-0023)."
gateway_calls,created_at,timestamptz,No,,now(),,,No,"When the call was made.","AC-US-02-001-4: the cap window and the log are ordered by time."
decisions,id,uuid,No,PK,gen_random_uuid(),,,No,"Surrogate key.","AC-US-00-007-5: each decision is one log entry."
decisions,application_id,uuid,No,FK,,applications.id,RESTRICT,No,"The application decided. RESTRICT so the record cannot disappear with it.","AC-US-00-007-5: the log must outlive routine changes to the application."
decisions,decided_by,uuid,No,FK,,users.id,RESTRICT,No,"The verifier who decided.","AC-US-00-007-5: the entry holds who decided."
decisions,extracted_field_id,bigint,Yes,FK,,extracted_fields.id,SET NULL,No,"For a correction, the exact field of the exact document that was changed. Null for approve and reject, and null after the document is erased.","AC-US-00-007-2: an application can have a name on several documents, so a correction must say which one it changed."
decisions,action,decision_action,No,,,,,No,"approve, correct or reject.","AC-US-00-007-1 to AC-US-00-007-4: three actions."
decisions,reason,text,Yes,,,,,Yes,"Required for a reject, free text a verifier typed.","AC-US-00-007-3: a rejection without a reason is refused."
decisions,field_name,field_name,Yes,,,,,No,"For a correction, the field changed.","AC-US-00-007-2: a correction logs which value changed."
decisions,subject,text,Yes,,,,,No,"For a marks correction, the subject.","AC-US-00-007-2: a marks correction names the subject."
decisions,old_value,text,Yes,,,,,Yes,"For a correction, the value before.","AC-US-00-007-2: the old value is logged."
decisions,new_value,text,Yes,,,,,Yes,"For a correction, the value after.","AC-US-00-007-2: the new value is logged."
decisions,created_at,timestamptz,No,,now(),,,No,"When the decision was made.","AC-US-00-007-5: the entry holds when."
